Variable Name,Description,
Contract ID,Contract ID,
Plan ID,Plan ID,
Parent Organization,Parent Organization,
Contract Name,Contract Name,
"Beneficiary Count as of October 15, 2014","Total number of Medicare Part-D eligible beneficiaries in the a plan's service area based on the Medicare Prescription Drug Plan Eligible Beneficiary Count Data by County and Zip Code, dated October 15, 2014. In order to be eligible to enroll in a Medicare prescription drug plan, individuals need to be entitled to Medicare Part A and/or enrolled in Medicare Part B.",
Pct Urban,"Percent of Part-D eligible beneficiaries residing in urban areas.  In order to be eligible to enroll in a Medicare prescription drug plan, individuals need to be entitled to Medicare Part A and/or enrolled in Medicare Part B.",
Pct Suburban,"Percent of Part-D eligible beneficiaries residing in suburban areas. In order to be eligible to enroll in a Medicare prescription drug plan, individuals need to be entitled to Medicare Part A and/or enrolled in Medicare Part B.",
Pct Rural,"Percent of Part-D eligible beneficiaries residing in rural areas. In order to be eligible to enroll in a Medicare prescription drug plan, individuals need to be entitled to Medicare Part A and/or enrolled in Medicare Part B.",
Pct Urban Access,"Percent of urban Part-D eligible beneficiaries residing within 2 miles of nearest pharmacy, based on Part D sponsor submitted pharmacy network data as of the October 12, 2015 Medicare Plan Finder (MPF) posting. 

N/A = Service Area does not include Urban areas",
Pct Suburban Access,"Percent of suburban Part-D eligible beneficiaries within 5 miles of nearest pharmacy, based on Part D sponsor submitted pharmacy network data as of the October 12, 2015 MPF posting. 

N/A = Service Area does not include Suburban areas",
Pct Rural Access,"Percent of rural Part-D eligible beneficiaries residing within 15 miles of nearest pharmacy, based on Part D sponsor submitted pharmacy network data as of the October 12, 2015 MPF posting. 

N/A = Service Area does not include Rural areas",
,,
,,
Questions may be directed to:  PartD_Monitoring@cms.hhs.gov,,
